[{"x": 37.8724079738015, "y": -122.260690033436, "weight": 1.9135618479880778, "name": "Free Speech Movement Cafe", "cluster": 0}, {"x": 37.8677205, "y": -122.2595445, "weight": 1.5, "name": "Cheese 'N' Stuff", "cluster": 1}, {"x": 37.8672496, "y": -122.2588542, "weight": 1.9135618479880778, "name": "Pasta-In-A-Box", "cluster": 1}, {"x": 37.8752481, "y": -122.2601606, "weight": 1.5, "name": "Zach's Snacks", "cluster": 0}, {"x": 37.868041, "y": -122.25849, "weight": 2.0, "name": "I.B.'s Hoagies", "cluster": 1}, {"x": 37.8755024, "y": -122.2602129, "weight": 2.985096870342772, "name": "Hummingbird Express", "cluster": 0}, {"x": 37.8754914, "y": -122.2603537, "weight": 2.985096870342772, "name": "Hummingbird Cafe", "cluster": 0}, {"x": 37.868272, "y": -122.259354, "weight": 1.9135618479880778, "name": "Foley's Deli", "cluster": 1}, {"x": 37.8684118, "y": -122.2590117, "weight": 1.9135618479880778, "name": "The Toaster Oven", "cluster": 1}, {"x": 37.8733141647778, "y": -122.264895737171, "weight": 1.9135618479880778, "name": "Pat Brown's Grill", "cluster": 0}, {"x": 37.8753118, "y": -122.2602115, "weight": 2.985096870342772, "name": "Vinnie's Cheesesteaks", "cluster": 0}, {"x": 37.8686641, "y": -122.2594514, "weight": 1.9135618479880778, "name": "Subway", "cluster": 1}, {"x": 37.8698057886903, "y": -122.259603738785, "weight": 4.5, "name": "Golden Bear Cafe", "cluster": 1}, {"x": 37.8705256863629, "y": -122.254925966263, "weight": 1.9135618479880778, "name": "Ramona's Caf\u00e9", "cluster": 1}, {"x": 37.8756879, "y": -122.26004, "weight": 2.985096870342772, "name": "The Stuffed Inn", "cluster": 0}, {"x": 37.8752289, "y": -122.2601962, "weight": 3.0, "name": "Northside Cafe", "cluster": 0}, {"x": 37.8674301, "y": -122.2588366, "weight": 2.985096870342772, "name": "Pappy's Grill & Sports Bar", "cluster": 1}, {"x": 37.868292, "y": -122.259359, "weight": 1.9135618479880778, "name": "Sam's Market", "cluster": 1}, {"x": 37.8677549, "y": -122.2589892, "weight": 2.985096870342772, "name": "Smart Alec's Intelligent Food", "cluster": 1}, {"x": 37.8677609, "y": -122.2582175, "weight": 2.985096870342772, "name": "Manhattan Roast & Grill", "cluster": 1}, {"x": 37.8666266, "y": -122.2563918, "weight": 1.9135618479880778, "name": "Crossroads", "cluster": 1}, {"x": 37.8684351, "y": -122.2606426, "weight": 1.9135618479880778, "name": "Cafe Espresso Experience", "cluster": 1}, {"x": 37.868755, "y": -122.258869, "weight": 2.985096870342772, "name": "San Francisco Soup Company", "cluster": 1}]